微信,5
读音,5
最好,4
螃蟹,3
英语,3
方法,3
邮箱,2
格式,2
聊天记录,2
板栗,2
一,2
营养,2
上,2
调理,2
有效,2
结节,2
227,1
鸡胸肉,1
qq,1
菅,1
意思,1
籍贯,1
牙龈,1
肿痛,1
痔疮,1
外痔,1
肉球,1
秋葵,1
早,1
去皮,1
壳,1
晟,1
周记,1
排卵期,1
设置,1
文字,1
便秘,1
煜,1
pdf,1
转换成,1
word,1
茄子,1
协议书,1
灯笼,1
手工,1
制作,1
昱,1
腰椎间盘,1
神经,1
腿疼,1
教师节,1
快乐,1
日记,1
鸽子,1
汤,1
虞,1
建群,1
指甲,1
纹,1
月经,1
十几天,1
用,1
胃疼,1
蜡笔,1
政治面貌,1
流鼻涕,1
速效,1
办法,1
肛门,1
瘙痒,1
岑,1
豆腐,1
毓,1
笃,1
得,1
尖,1
湿锐,1
盆腔,1
积液,1
肚子,1
隽,1
高血压,1
排骨汤,1
湿气,1
重,1
人,1
排湿,1
患仰,1
郁症,1
头晕,1
卡西欧,1
手表,1
时间,1
橡皮,1
昕,1
梓,1
淦,1
颈椎病,1
垚,1
砼,1
公积金,1
肖战,1
事件,1
大于号,1
小于号,1
区分,1
痛风,1
胸口,1
中间,1
金针菇,1
蟑螂,1
彻底,1
筱,1
尧,1
歆,1
户口,1
性质,1
肝,1
囊肿,1
胃,1
南瓜饼,1
简单,1
hpv,1
血压高,1
猕猴桃,1
睒,1
黍,1
腰部,1
酸痛,1
熠,1
脚气,1
治能,1
除根,1
木瓜,1
西兰花,1
肺部,1
冬瓜,1
喉咙,1
感觉,1
东西,1
着,1
拉肚子,1
臻,1
鸡汤,1
覃,1
耄耋,1
百香果,1
